Workbook

Sheet Reviews
A1: Giảng viên | B1: Môn học | C1: Rating (Everytime) | D1: Điểm cảm nhận (1-5) | E1: Điểm tổng hợp | F1: Học kỳ | G1: Nội dung review
A2: Bùi Thanh Bình | B2: Nhập môn mạng máy tính | C2: 4 | D2: 2 | E2: =ROUND(AVERAGE(C2,D2),2) | F2: HK1 2025-2026 | G2: Thầy Bình thì đi học làm bài đầy đủ thì quá trình 10 còn thực hành thì né thầy Phát ra do làm cá nhân mà bài lab còn dài hơn các lớp khác và chấm bài lab rất khó
A3: Bùi Thanh Bình | B3: Thiết kế Mạng | C3: 1 | D3: 1 | E3: =ROUND(AVERAGE(C3,D3),2) | F3: HK1 2025-2026 | G3: Kiến thức thầy dạy qua loa, không bám sát vào thực tế, bài thi, dẫn đến kiến thức 1 phần nhưng mà đi thi 10 phần (nếu không muốn nói là toàn bộ slide bài giảng không liên quan tới bài thi). Đồ án thì chấm điểm rất khó, yêu cầu nhiều thứ nhưng điểm không quá 9. Bài tập LAB thầy cho một cách hời hợt từ một trang web LAB hay một hãng mạng nào đó, mặc dù có thể hỗ trợ cho đồ án nhưng không có nghĩa gì trong bài thi.
A4: Bùi Thanh Bình | B4: Thiết kế Mạng | C4: 5 | D4: 4 | E4: =ROUND(AVERAGE(C4,D4),2) | F4: HK1 2025-2026 | G4: Môn này các bạn sẽ học các kiến thức khi thiết kế 1 hệ thống mạng cho công ty, bao gồm các kiến thức như: quy trình thiết kế mạng, các ràng buộc, yêu cầu về mặt kỹ thuật, cơ sở hạ tầng,… Môn này sẽ có làm đồ án và thi tập trung cuối kỳ. Đồ án sẽ là một bài tập lớn và làm nhóm (thay vì các bài tập nhỏ ở lớp thực hành), nội dung đồ án sẽ là thiết kế hệ thống mạng cho 1 công ty có 1 trụ sở và nhiều chi nhánh khác nhau, yêu cầu của đồ án sẽ bao gồm các kiến thức được học trong môn này. Thi cuối kỳ sẽ kết hợp giữa tự luận và trắc nghiệm.
A5: Bùi Thị Thanh Bình | B5: Nhập môn mạng máy tính | C5: 5 | D5: 5 | E5: =ROUND(AVERAGE(C5,D5),2) | F5: HK2 2025-2026 | G5: Học thầy thì chịu khó đọc slide trước, vì thầy chạy khá là nhanh, nhưng những gì sẽ ra thi thì thầy sẽ giảng rất là kĩ, thầy lấy điểm quá trình bằng bài kiểm tra trắc nghiệm 10 câu vào buổi học trước khi thi gk với ck, học thầy thì ko có sử dụng đt vs lap, chỉ đc dùng slide. Thầy hay động viên sinh viên, dặn sinh viên mấy vấn đề liên quan đến sức khoẻ. Thầy dễ thương lắm, buổi nào cũng có tiếng cười. Cô Bình đỉnh khỏi bàn lun, trước khi vào thực hành cô hướng dẫn siêu kĩ, chăm chú nghe là làm được à. Cô có điểm danh trước mỗi buổi học. Siu iu cô
A6: Bùi Thị Thanh Bình | B6: Nhập môn mạng máy tính | C6: 5 | D6: 5 | E6: =ROUND(AVERAGE(C6,D6),2) | F6: HK2 2025-2026 | G6: -Thầy Tân dạy hơi khó hỉu=)) Nma thầy giảng nhiệt tình, hay giảng ra ngoài nên trễ tiến độ=)) Mới vô thầy sẽ doạ gọi bất chợt r 0₫ này kia nma thầy giỡn thôi, lấy điểm quá trình bằng 2 bài kiểm tra trước khi thi giữa kì và cuối kì, có học bài là sẽ làm được. Học thầy ko được dùng điện thoại và laptop trong lớp, phải in slide. -Cô Bình peak thì thôi nhé luôn, trước mỗi lab hướng dẫn kĩ càng, có đi học là làm được, còn cho chọn giờ học nữa .
A7: Bùi Thị Thanh Bình | B7: Nhập môn mạng máy tính | C7: 5 | D7: 4 | E7: =ROUND(AVERAGE(C7,D7),2) | F7: HK2 2025-2026 | G7: Cô chỉ các bài lab khá chi tiết, nộp bài trong buổi học, cho điểm cũng ok mà mình hơi sợ cô :)))
A8: Cao Hồng Châu | B8: Giáo dục thể chất 1 | C8: 5 | D8: 4 | E8: =ROUND(AVERAGE(C8,D8),2) | F8: HK2 2025-2026 | G8: Thầy dạy kỹ các động tác, mỗi buổi có điểm danh.
A9: Cao Thanh Tình | B9: CTRR | C9: 5 | D9: 3 | E9: =ROUND(AVERAGE(C9,D9),2) | F9: HK2 2025-2026 | G9: goattttttttttttt!!!!!!!!!!!!!!!!!!!!!!!!!!
A10: Cao Thanh Tình | B10: Cấu trúc rời rạc | C10: 5 | D10: 5 | E10: =ROUND(AVERAGE(C10,D10),2) | F10: HK2 2025-2026 | G10: Thầy cực vui tính, giảng dễ hiểu, cho điểm dễ.
A11: Cao Thanh Tình | B11: Cấu trúc rời rạc | C11: 5 | D11: 4 | E11: =ROUND(AVERAGE(C11,D11),2) | F11: HK2 2024-2025 | G11: Thầy dạy siêu hay nhee, thầy hài hước, cho điểm thoáng nữa<3
A12: Cao Thanh Tình | B12: Cấu trúc rời rạc | C12: 5 | D12: 5 | E12: =ROUND(AVERAGE(C12,D12),2) | F12: HK2 2024-2025 | G12: Môn này tưởng khó mà siêu dễ, gặp thầy Tình vui tính lắm, thầy bựa bựa lâu lâu kể mấy chuyện hài lắm =)) Về điểm quá trình: chiếm 20%, thầy khá tùy hứng thích thì +6đ cho mấy bạn nữ, kh thì -10đ khi đi trễ hoặc vắng (chắc thầy đùa vì mik toàn 10đ quá trình), k biết thầy tính điểm sao luôn nên cứ ráng đi học đủ lên bảng làm bài là dư mười mấy điểm kh biết để làm gì :v Về thi gk: 20%, đề cho dễ ẹc chỉ có sai ngu mới bị mất điểm (mik dc 9 :)) Về thi ck: 60%, đề cũng dễ, chú ý khoanh mấy tế bào lớn vs vẽ cây khung k thì bị mất điểm khá nhiều (mik cũng dc 9 :)))
A13: Cao Thanh Tình | B13: Cấu trúc rời rạc | C13: 5 | D13: 5 | E13: =ROUND(AVERAGE(C13,D13),2) | F13: HK2 2024-2025 | G13: Môn này dễ nhất trong mấy môn toán r, chưa kể thầy giảng hơi nhanh, lúc đầu không hiểu nhưng thầy sửa bài tập cứ làm theo form thì lại dễ hiểu (ảo ma), nếu chăm chú ý coi sửa bài lúc thi cuối kỳ điểm lúc nào cũng cao :v, với lại thầy cho điểm quá trình cũng dễ cứ lên bảng làm là 10 à
... A1039: Đỗ Trọng Hợp | B1039: Giới thiệu ngành Truyền thông đa phương tiện | C1039: 4 | D1039: 5 | E1039: =ROUND(AVERAGE(C1039,D1039),2) | F1039: HK1 2025-2026 | G1039: Thầy Thọ, thầy Hợp dễ thương, nói chung là môn giới thiệu ngành thì học như không học, cũng oke, cô Ngọc thì hay đi trễ

Sheet Tổng hợp giảng viên
A1: Giảng viên | B1: Điểm TB (tổng hợp) | C1: Số review | D1: Nhận xét
A2: Bùi Cao Doanh | B2: =IFERROR(ROUND(AVERAGEIF(Reviews!$A$2:$A$1039,A2,Reviews!$E$2:$E$1039),2),-1) | C2: =COUNTIF(Reviews!$A$2:$A$1039,A2) | D2: =IF(B2=-1,"Ẩn danh",IF(B2>=4.5,"Phật sống",IF(B2>=3.5,"Dễ thương",IF(B2>=2.5,"Bình thường",IF(B2>=1.5,"Gắt gỏng","Trùm cuối")))))
A3: Bùi Hoàng Phúc | B3: =IFERROR(ROUND(AVERAGEIF(Reviews!$A$2:$A$1039,A3,Reviews!$E$2:$E$1039),2),-1) | C3: =COUNTIF(Reviews!$A$2:$A$1039,A3) | D3: =IF(B3=-1,"Ẩn danh",IF(B3>=4.5,"Phật sống",IF(B3>=3.5,"Dễ thương",IF(B3>=2.5,"Bình thường",IF(B3>=1.5,"Gắt gỏng","Trùm cuối")))))
A4: Bùi Thanh Bình | B4: =IFERROR(ROUND(AVERAGEIF(Reviews!$A$2:$A$1039,A4,Reviews!$E$2:$E$1039),2),-1) | C4: =COUNTIF(Reviews!$A$2:$A$1039,A4) | D4: =IF(B4=-1,"Ẩn danh",IF(B4>=4.5,"Phật sống",IF(B4>=3.5,"Dễ thương",IF(B4>=2.5,"Bình thường",IF(B4>=1.5,"Gắt gỏng","Trùm cuối")))))
A5: Bùi Thị Thanh Bình | B5: =IFERROR(ROUND(AVERAGEIF(Reviews!$A$2:$A$1039,A5,Reviews!$E$2:$E$1039),2),-1) | C5: =COUNTIF(Reviews!$A$2:$A$1039,A5) | D5: =IF(B5=-1,"Ẩn danh",IF(B5>=4.5,"Phật sống",IF(B5>=3.5,"Dễ thương",IF(B5>=2.5,"Bình thường",IF(B5>=1.5,"Gắt gỏng","Trùm cuối")))))
A6: Cao Hồng Châu | B6: =IFERROR(ROUND(AVERAGEIF(Reviews!$A$2:$A$1039,A6,Reviews!$E$2:$E$1039),2),-1) | C6: =COUNTIF(Reviews!$A$2:$A$1039,A6) | D6: =IF(B6=-1,"Ẩn danh",IF(B6>=4.5,"Phật sống",IF(B6>=3.5,"Dễ thương",IF(B6>=2.5,"Bình thường",IF(B6>=1.5,"Gắt gỏng","Trùm cuối")))))
A7: Cao Thanh Tình | B7: =IFERROR(ROUND(AVERAGEIF(Reviews!$A$2:$A$1039,A7,Reviews!$E$2:$E$1039),2),-1) | C7: =COUNTIF(Reviews!$A$2:$A$1039,A7) | D7: =IF(B7=-1,"Ẩn danh",IF(B7>=4.5,"Phật sống",IF(B7>=3.5,"Dễ thương",IF(B7>=2.5,"Bình thường",IF(B7>=1.5,"Gắt gỏng","Trùm cuối")))))
A8: Cáp Phạm Đình Thăng | B8: =IFERROR(ROUND(AVERAGEIF(Reviews!$A$2:$A$1039,A8,Reviews!$E$2:$E$1039),2),-1) | C8: =COUNTIF(Reviews!$A$2:$A$1039,A8) | D8: =IF(B8=-1,"Ẩn danh",IF(B8>=4.5,"Phật sống",IF(B8>=3.5,"Dễ thương",IF(B8>=2.5,"Bình thường",IF(B8>=1.5,"Gắt gỏng","Trùm cuối")))))
A9: Cù Văn Hoàng | B9: =IFERROR(ROUND(AVERAGEIF(Reviews!$A$2:$A$1039,A9,Reviews!$E$2:$E$1039),2),-1) | C9: =COUNTIF(Reviews!$A$2:$A$1039,A9) | D9: =IF(B9=-1,"Ẩn danh",IF(B9>=4.5,"Phật sống",IF(B9>=3.5,"Dễ thương",IF(B9>=2.5,"Bình thường",IF(B9>=1.5,"Gắt gỏng","Trùm cuối")))))
A10: Dương Nguyễn Phương Nam | B10: =IFERROR(ROUND(AVERAGEIF(Reviews!$A$2:$A$1039,A10,Reviews!$E$2:$E$1039),2),-1) | C10: =COUNTIF(Reviews!$A$2:$A$1039,A10) | D10: =IF(B10=-1,"Ẩn danh",IF(B10>=4.5,"Phật sống",IF(B10>=3.5,"Dễ thương",IF(B10>=2.5,"Bình thường",IF(B10>=1.5,"Gắt gỏng","Trùm cuối")))))
A11: Dương Ngọc Hảo | B11: =IFERROR(ROUND(AVERAGEIF(Reviews!$A$2:$A$1039,A11,Reviews!$E$2:$E$1039),2),-1) | C11: =COUNTIF(Reviews!$A$2:$A$1039,A11) | D11: =IF(B11=-1,"Ẩn danh",IF(B11>=4.5,"Phật sống",IF(B11>=3.5,"Dễ thương",IF(B11>=2.5,"Bình thường",IF(B11>=1.5,"Gắt gỏng","Trùm cuối")))))
A12: Dương Phi Long | B12: =IFERROR(ROUND(AVERAGEIF(Reviews!$A$2:$A$1039,A12,Reviews!$E$2:$E$1039),2),-1) | C12: =COUNTIF(Reviews!$A$2:$A$1039,A12) | D12: =IF(B12=-1,"Ẩn danh",IF(B12>=4.5,"Phật sống",IF(B12>=3.5,"Dễ thương",IF(B12>=2.5,"Bình thường",IF(B12>=1.5,"Gắt gỏng","Trùm cuối")))))
A13: Dương Thị Hồng Nhung | B13: =IFERROR(ROUND(AVERAGEIF(Reviews!$A$2:$A$1039,A13,Reviews!$E$2:$E$1039),2),-1) | C13: =COUNTIF(Reviews!$A$2:$A$1039,A13) | D13: =IF(B13=-1,"Ẩn danh",IF(B13>=4.5,"Phật sống",IF(B13>=3.5,"Dễ thương",IF(B13>=2.5,"Bình thường",IF(B13>=1.5,"Gắt gỏng","Trùm cuối")))))
... A228: Đỗ Văn Tiến | B228: =IFERROR(ROUND(AVERAGEIF(Reviews!$A$2:$A$1039,A228,Reviews!$E$2:$E$1039),2),-1) | C228: =COUNTIF(Reviews!$A$2:$A$1039,A228) | D228: =IF(B228=-1,"Ẩn danh",IF(B228>=4.5,"Phật sống",IF(B228>=3.5,"Dễ thương",IF(B228>=2.5,"Bình thường",IF(B228>=1.5,"Gắt gỏng","Trùm cuối")))))
